Token, Name(Lexeme), Type, Line Number, Scope, Dims(If array), ScopeINFO(Child), ScopeINFO(Parent) 
IDENTIFIER, a, int, 15, 3, 0
IDENTIFIER, args, String, 9, 3, 1
IDENTIFIER, arr, int, 12, 3, 1
IDENTIFIER, b, int, 16, 3, 0
IDENTIFIER, d, int, 17, 3, 0
IDENTIFIER, e, int, 25, 3, 0
IDENTIFIER, e, int, 19, 5, 0
IDENTIFIER, e, int, 22, 6, 0
IDENTIFIER, f, int, 24, 7, 0
identifier - method ofVariableandarray, main, void, 0, -1, 0
, , , , , , 1, 0
, , , , , , 2, 1
, , , , , , 3, 2
, , , , , , 4, 3
, , , , , , 5, 3
, , , , , , 6, 3
, , , , , , 7, 3
